Sno,Candidate,Constituency ∇,Party,Criminal Case,Education,Total Assets,Liabilities
1,Govardhan Mangilal Sharma Alias Lalaji,AAKOLA WEST,BJP,1,Graduate,"Rs 5,91,57,652 ~ 5 Crore+","Rs 1,97,05,877 ~ 1 Crore+"
2,Omprakash Babarao Kadu(Bachchu),ACHALPUR,Prahar Janshakti Party,32,12th Pass,"Rs 2,61,39,529 ~ 2 Crore+","Rs 1,08,44,761 ~ 1 Crore+"
3,Aatram Dharamraobaba Bhagwantrao,AHERI (ST),NCP,1,10th Pass,"Rs 9,78,80,923 ~ 9 Crore+","Rs 6,02,788 ~ 6 Lacs+"
4,Sangram Arunkaka Jagtap,AHMEDNAGAR CITY,NCP,1,Graduate,"Rs 10,42,16,455 ~ 10 Crore+","Rs 3,39,02,755 ~ 3 Crore+"
5,Babasaheb Mohanrao Patil,AHMEDPUR,NCP,0,Graduate,"Rs 6,94,63,932 ~ 6 Crore+","Rs 75,55,15,886 ~ 75 Crore+"
6,Sachin Panchappa Kalyanshetti,AKKALKOT,BJP,1,Graduate Professional,"Rs 4,28,98,321 ~ 4 Crore+","Rs 49,29,582 ~ 49 Lacs+"
7,Adv. K. C. Padavi,AKKALKUWA (ST),INC,0,Post Graduate,"Rs 4,38,74,032 ~ 4 Crore+","Rs 48,31,142 ~ 48 Lacs+"
8,Randhir Pralhadrao Sawarkar,AKOLA EAST,BJP,1,Graduate Professional,"Rs 17,02,21,142 ~ 17 Crore+","Rs 8,70,41,411 ~ 8 Crore+"
9,Dr. Kiran Yamaji Lahamate,AKOLE,NCP,0,Graduate Professional,"Rs 52,11,079 ~ 52 Lacs+","Rs 17,52,452 ~ 17 Lacs+"
10,Prakash Gunwantrao Bharsakale,AKOT,BJP,0,8th Pass,,"Rs 15,42,676 ~ 15 Lacs+"
11,Mahendra Hari Dalvi,ALIBAG,SHS,3,8th Pass,"Rs 32,53,99,325 ~ 32 Crore+","Rs 3,96,19,746 ~ 3 Crore+"
12,Anil Bhaidas Patil,AMALNER,NCP,4,Post Graduate,"Rs 5,86,64,332 ~ 5 Crore+","Rs 90,28,916 ~ 90 Lacs+"
13,Kinikar Balaji Pralhad,AMBARNATH (SC),SHS,0,Graduate Professional,"Rs 9,29,80,020 ~ 9 Crore+","Rs 1,63,98,667 ~ 1 Crore+"
14,Dilip Dattatray Walse-Patil,AMBEGAON,NCP,1,Post Graduate,"Rs 5,66,67,949 ~ 5 Crore+","Rs 1,13,28,144 ~ 1 Crore+"
15,Sahasram Maroti Korote,AMGAON (ST),INC,1,Graduate,"Rs 5,15,61,535 ~ 5 Crore+","Rs 18,15,000 ~ 18 Lacs+"
16,Sulbha Sanjay Khodke,AMRAVATI,INC,1,Post Graduate,"Rs 6,22,76,412 ~ 6 Crore+","Rs 1,58,64,987 ~ 1 Crore+"
17,Ameet Bhaskar Satam,ANDHERI  WEST,BJP,0,Post Graduate,"Rs 6,45,06,983 ~ 6 Crore+","Rs 62,96,126 ~ 62 Lacs+"
18,Ramesh Kondiram Latke,ANDHERI EAST,SHS,0,10th Pass,"Rs 4,72,77,150 ~ 4 Crore+","Rs 1,34,40,671 ~ 1 Crore+"
19,Mohammed Nawab Malik,ANUSHAKTI NAGAR,NCP,0,12th Pass,"Rs 5,74,69,772 ~ 5 Crore+","Rs 45,30,437 ~ 45 Lacs+"
20,Chandrikapure Manohar Gowardhan,ARJUNI MORGAON (SC),NCP,0,Graduate,,"Rs 1,47,00,000 ~ 1 Crore+"
21,Gajbe Krushna Damaji,ARMORI (ST),BJP,0,Graduate,"Rs 80,30,574 ~ 80 Lacs+","Rs 1,65,947 ~ 1 Lacs+"
22,Sandeep Prabhakar Dhurve,ARNI (ST),BJP,1,Graduate Professional,"Rs 2,80,11,629 ~ 2 Crore+","Rs 10,81,578 ~ 10 Lacs+"
23,Dadarao Yadaorao Keche,ARVI,BJP,0,Graduate,"Rs 1,27,64,167 ~ 1 Crore+","Rs 18,17,676 ~ 18 Lacs+"
24,Ajabe Balasaheb Bhausaheb,ASHTI,NCP,0,12th Pass,"Rs 1,51,90,008 ~ 1 Crore+","Rs 90,800 ~ 90 Thou+"
25,Jaiswal Pradeep Shivnarayan,AURANGABAD (CENTRAL),SHS,6,8th Pass,"Rs 32,87,82,403 ~ 32 Crore+","Rs 4,98,65,057 ~ 4 Crore+"
26,Sanjay Pandurang Shirsat,AURANGABAD (WEST) (SC),SHS,0,12th Pass,"Rs 3,36,93,491 ~ 3 Crore+","Rs 1,34,49,388 ~ 1 Crore+"
27,Atul Moreshwar Save,AURANGBAD (EAST),BJP,6,Graduate,"Rs 22,06,22,785 ~ 22 Crore+","Rs 2,16,50,226 ~ 2 Crore+"
28,Abhimanyu Dattatray Pawar,AUSA,BJP,1,Post Graduate,"Rs 1,15,76,455 ~ 1 Crore+","Rs 19,05,000 ~ 19 Lacs+"
29,Kuche Narayan Tilakchand,BADNAPUR (SC),BJP,1,Graduate,"Rs 3,23,57,179 ~ 3 Crore+","Rs 18,03,681 ~ 18 Lacs+"
30,Ravi Rana,BADNERA,IND,7,12th Pass,,"Rs 7,80,16,373 ~ 7 Crore+"
31,Dilip Mangalu Borse,BAGLAN (ST),BJP,0,Graduate,"Rs 3,53,31,557 ~ 3 Crore+","Rs 3,50,48,306 ~ 3 Crore+"
32,Nitin Bhikanrao Tale,BALAPUR,SHS,5,12th Pass,"Rs 1,61,54,600 ~ 1 Crore+","Rs 33,370 ~ 33 Thou+"
33,Mungantiwar Sudhir Sachchidanand,BALLARPUR,BJP,2,Post Graduate,"Rs 11,42,34,951 ~ 11 Crore+","Rs 1,59,92,862 ~ 1 Crore+"
34,Ajit Aanantrao Pawar,BARAMATI,NCP,1,10th Pass,"Rs 75,48,51,067 ~ 75 Crore+","Rs 3,73,70,371 ~ 3 Crore+"
35,Rajendra Vitthal Raut,BARSHI,IND,6,12th Pass,"Rs 27,85,38,135 ~ 27 Crore+","Rs 16,33,34,618 ~ 16 Crore+"
36,Chandrakant Alias Rajubhaiyya Ramakant Nawghare,BASMATH,NCP,0,12th Pass,"Rs 92,50,598 ~ 92 Lacs+","Rs 12,64,537 ~ 12 Lacs+"
37,Sandeep Ravindra Kshirsagar,BEED,NCP,5,Graduate,"Rs 7,63,33,000 ~ 7 Crore+","Rs 2,96,01,000 ~ 2 Crore+"
38,Manda Vijay Mhatre,BELAPUR,BJP,1,5th Pass,"Rs 23,57,88,270 ~ 23 Crore+","Rs 4,13,25,643 ~ 4 Crore+"
39,Narendra Bhojraj Bhondekar,BHANDARA (SC),IND,4,Graduate,"Rs 3,58,32,435 ~ 3 Crore+","Rs 2,60,59,360 ~ 2 Crore+"
40,Ramesh Gajanan Korgaonkar,BHANDUP  WEST,SHS,3,8th Pass,,"Rs 98,98,496 ~ 98 Lacs+"
41,Chaughule Mahesh Prabhakar,BHIWANDI  WEST,BJP,3,10th Pass,"Rs 5,64,51,944 ~ 5 Crore+","Rs 2,14,11,935 ~ 2 Crore+"
42,Rais Kasam Shaikh,BHIWANDI EAST,SP,1,Graduate,"Rs 5,48,05,820 ~ 5 Crore+","Rs 3,42,90,556 ~ 3 Crore+"
43,Shantaram Tukaram More,BHIWANDI RURAL (ST),SHS,0,Literate,"Rs 34,86,375 ~ 34 Lacs+","Rs 13,00,073 ~ 13 Lacs+"
44,Ashokrao Shankarrao Chavan,BHOKAR,INC,3,Post Graduate,"Rs 50,15,81,090 ~ 50 Crore+","Rs 4,03,95,685 ~ 4 Crore+"
45,Santosh Raosaheb Danve,BHOKARDAN,BJP,0,Graduate,"Rs 13,48,57,372 ~ 13 Crore+","Rs 1,84,34,100 ~ 1 Crore+"
46,Sangram Anantrao Thopte,BHOR,INC,1,Graduate,"Rs 20,09,44,633 ~ 20 Crore+","Rs 26,70,307 ~ 26 Lacs+"
47,Mahesh (Dada) Kisan Landge,BHOSARI,BJP,1,Graduate,"Rs 2,83,36,672 ~ 2 Crore+",Rs 0 ~
48,Sanjay Waman Sawkare,BHUSAWAL (SC),BJP,0,Others,"Rs 2,28,25,325 ~ 2 Crore+",Rs 0 ~
49,Rajesh Raghunath Patil,BOISAR (ST),Bahujan Vikas Aaghadi,1,12th Pass,"Rs 4,84,10,090 ~ 4 Crore+","Rs 6,99,838 ~ 6 Lacs+"
50,Sunil Rane,BORIVALI,BJP,0,Graduate,,"Rs 50,00,000 ~ 50 Lacs+"
51,Vijay Namdeorao Wadettiwar,BRAMHAPURI,INC,0,10th Pass,"Rs 44,76,12,765 ~ 44 Crore+","Rs 22,22,66,073 ~ 22 Crore+"
52,Sanjay Rambhau Gaikwad,BULDHANA,SHS,5,8th Pass,"Rs 1,63,05,440 ~ 1 Crore+","Rs 39,29,384 ~ 39 Lacs+"
53,Yamini Yashwant Jadhav,BYCULLA,SHS,0,Graduate,"Rs 9,90,37,594 ~ 9 Crore+","Rs 3,14,92,552 ~ 3 Crore+"
54,Mangesh Ramesh Chavan,CHALISGAON,BJP,1,12th Pass,"Rs 16,18,30,940 ~ 16 Crore+","Rs 7,06,84,188 ~ 7 Crore+"
55,Rajesh Narasingrao Patil,CHANDGAD,NCP,0,Graduate Professional,"Rs 3,54,39,023 ~ 3 Crore+","Rs 19,71,625 ~ 19 Lacs+"
56,Dilip Bhausaheb Lande,CHANDIVALI,SHS,8,Graduate,"Rs 2,01,64,543 ~ 2 Crore+","Rs 3,17,222 ~ 3 Lacs+"
57,Dr. Aher Rahul Daulatrao,CHANDWAD,BJP,0,Post Graduate,"Rs 22,84,65,235 ~ 22 Crore+","Rs 1,80,40,227 ~ 1 Crore+"
58,Yogesh Amrutlal Sagar,CHARKOP,BJP,0,12th Pass,"Rs 6,07,18,509 ~ 6 Crore+","Rs 2,51,51,608 ~ 2 Crore+"
59,Prakash Vaikunth Phaterpekar,CHEMBUR,SHS,0,10th Pass,"Rs 4,71,60,147 ~ 4 Crore+",Rs 0 ~
60,Shweta Vidyadhar Mahale,CHIKHLI,BJP,1,10th Pass,,"Rs 63,57,000 ~ 63 Lacs+"
61,Bunty Bhangdiya,CHIMUR,BJP,1,12th Pass,"Rs 92,66,97,759 ~ 92 Crore+","Rs 18,97,19,519 ~ 18 Crore+"
62,Jagtap Laxman Pandurang,CHINCHWAD,BJP,1,10th Pass,"Rs 19,39,55,887 ~ 19 Crore+","Rs 2,64,04,265 ~ 2 Crore+"
63,Shekhar Govindrao Nikam,CHIPLUN,NCP,1,Post Graduate,"Rs 8,14,92,219 ~ 8 Crore+","Rs 1,13,40,641 ~ 1 Crore+"
64,Latabai Chandrakant Sonawane,CHOPDA (ST),SHS,0,12th Pass,"Rs 18,52,69,270 ~ 18 Crore+","Rs 5,78,973 ~ 5 Lacs+"
65,Rahul Suresh Narwekar,COLABA,BJP,2,Graduate Professional,"Rs 38,09,15,932 ~ 38 Crore+","Rs 20,04,10,212 ~ 20 Crore+"
66,Vinod Bhiva Nikole,DAHANU (ST),CPI(M),6,12th Pass,"Rs 51,082 ~ 51 Thou+",Rs 0 ~
67,Kadam Yogeshdada Ramdas,DAPOLI,SHS,0,Graduate,"Rs 11,73,99,829 ~ 11 Crore+","Rs 4,16,91,035 ~ 4 Crore+"
68,Balwant Baswant Wankhade,DARYAPUR (SC),INC,1,12th Pass,"Rs 1,10,26,622 ~ 1 Crore+","Rs 4,85,000 ~ 4 Lacs+"
69,Rahul Subhashrao Kul,DAUND,BJP,7,Graduate Professional,"Rs 4,89,50,543 ~ 4 Crore+","Rs 91,59,613 ~ 91 Lacs+"
70,Antapurkar Raosaheb Jayvanta,DEGLUR (SC),INC,0,12th Pass,,"Rs 21,45,810 ~ 21 Lacs+"
71,Saroj Babulal Ahire,DEOLALI (SC),NCP,0,10th Pass,"Rs 1,60,97,375 ~ 1 Crore+","Rs 18,48,892 ~ 18 Lacs+"
72,Ranjit Prataprao Kamble,DEOLI,INC,0,Post Graduate,"Rs 18,66,25,008 ~ 18 Crore+","Rs 1,81,83,275 ~ 1 Crore+"
73,Chaudhary Manisha Ashok,DHAISAR,BJP,0,Graduate,"Rs 4,93,29,935 ~ 4 Crore+","Rs 13,36,391 ~ 13 Lacs+"
74,Adsad Pratap Arunbhau,DHAMANGAON RAILWAY,BJP,3,Graduate Professional,"Rs 4,20,92,701 ~ 4 Crore+",Rs 0 ~
75,Gaikwad Varsha Eknath,DHARAVI (SC),INC,1,Post Graduate,"Rs 4,81,53,719 ~ 4 Crore+","Rs 22,10,000 ~ 22 Lacs+"
76,Shah Faruk Anwar,DHULE CITY,All India Majlis-E-Ittehadul Muslimeen,7,10th Pass,"Rs 29,00,000 ~ 29 Lacs+",Rs 0 ~
77,Kunalbaba Rohidas Patil,DHULE RURAL,INC,1,Graduate Professional,"Rs 42,15,38,841 ~ 42 Crore+","Rs 39,24,79,000 ~ 39 Crore+"
78,Rathod Sanjay Dulichand,DIGRAS,SHS,4,Graduate Professional,"Rs 8,01,53,419 ~ 8 Crore+","Rs 2,15,97,242 ~ 2 Crore+"
79,Zirwal Narhari Sitaram,DINDORI (ST),NCP,0,12th Pass,"Rs 3,39,89,699 ~ 3 Crore+","Rs 35,00,000 ~ 35 Lacs+"
80,Sunil Prabhu,DINDOSHI,SHS,0,10th Pass,,"Rs 45,88,000 ~ 45 Lacs+"
81,Ravindra Dattatray Chavan,DOMBIVALI,BJP,3,12th Pass,"Rs 9,77,56,436 ~ 9 Crore+","Rs 2,66,69,608 ~ 2 Crore+"
82,Chimanrao Rupchand Patil,ERANDOL,SHS,0,Post Graduate,"Rs 22,23,38,992 ~ 22 Crore+","Rs 1,04,18,579 ~ 1 Crore+"
83,Deorao Madguji Holi,GADCHIROLI (ST),BJP,0,Graduate Professional,"Rs 2,13,35,759 ~ 2 Crore+","Rs 38,38,229 ~ 38 Lacs+"
84,Ratnakar Manikrao Gutte,GANGAKHED,Rashtriya Samaj Paksha,8,8th Pass,"Rs 1,49,24,48,761 ~ 149 Crore+","Rs 32,54,98,533 ~ 32 Crore+"
85,Bamb Prashant Bansilal,GANGAPUR,BJP,0,Post Graduate,"Rs 9,11,54,797 ~ 9 Crore+","Rs 3,11,46,462 ~ 3 Crore+"
86,Rajeshbhaiyya Tope,GANSAVANGI,NCP,0,Graduate Professional,"Rs 53,98,88,316 ~ 53 Crore+","Rs 14,34,74,046 ~ 14 Crore+"
87,Laxman Madhavrao Pawar,GEORAI,BJP,1,Graduate Professional,"Rs 5,44,91,597 ~ 5 Crore+","Rs 97,35,862 ~ 97 Lacs+"
88,Ram Kadam,GHATKOPAR  WEST,BJP,2,12th Pass,"Rs 46,42,14,303 ~ 46 Crore+","Rs 14,50,13,256 ~ 14 Crore+"
89,Parag Shah,GHATKOPAR EAST,BJP,0,Graduate,"Rs 5,00,62,46,474 ~ 500 Crore+",Rs 0 ~
90,Agrawal Vinod Santoshkumar,GONDIA,IND,2,12th Pass,,"Rs 36,18,371 ~ 36 Lacs+"
91,Vidya Jaiprakash Thakur,GOREGAON,BJP,0,8th Pass,"Rs 17,24,50,031 ~ 17 Crore+","Rs 4,43,89,717 ~ 4 Crore+"
92,Bhaskar Bhaurao Jadhav,GUHAGAR,SHS,0,10th Pass,"Rs 17,14,73,049 ~ 17 Crore+","Rs 5,14,67,150 ~ 5 Crore+"
93,Chetan Vitthal Tupe,HADAPSAR,NCP,2,10th Pass,"Rs 40,76,10,886 ~ 40 Crore+","Rs 4,31,00,000 ~ 4 Crore+"
94,Jawalgaonkar Madhavrao Nivruttirao Patil,HADGAON,INC,0,Graduate,"Rs 2,44,20,604 ~ 2 Crore+","Rs 15,78,340 ~ 15 Lacs+"
95,Raju Jaywantrao Awale,HATKANANGLE (SC),INC,0,Graduate,"Rs 10,38,34,979 ~ 10 Crore+","Rs 1,49,31,378 ~ 1 Crore+"
96,Samir Trimbakrao Kunawar,HINGANGHAT,BJP,0,12th Pass,"Rs 10,66,27,299 ~ 10 Crore+","Rs 30,87,252 ~ 30 Lacs+"
97,Meghe Sameer Dattatraya,HINGNA,BJP,0,Graduate,"Rs 1,59,59,88,608 ~ 159 Crore+","Rs 63,89,15,454 ~ 63 Crore+"
98,Tanhaji Sakharamji Mutkule,HINGOLI,BJP,1,10th Pass,"Rs 2,00,65,517 ~ 2 Crore+","Rs 95,51,419 ~ 95 Lacs+"
99,Prakashanna Awade,ICHALKARANJI,IND,2,10th Pass,"Rs 28,13,73,610 ~ 28 Crore+","Rs 5,59,10,524 ~ 5 Crore+"
100,Hiraman Bhika Khoskar,IGATPURI (ST),INC,0,Literate,,"Rs 1,35,23,840 ~ 1 Crore+"
101,Dattatray Vithoba Bharane,INDAPUR,NCP,0,12th Pass,"Rs 32,83,64,476 ~ 32 Crore+",Rs 0 ~
102,Jayant Rajaram Patil,ISLAMPUR,NCP,0,12th Pass,"Rs 16,95,18,704 ~ 16 Crore+",Rs 0 ~
103,Kute Sanjay Shriram,JALGAON (JAMOD),BJP,0,Graduate Professional,"Rs 6,89,18,940 ~ 6 Crore+","Rs 1,78,26,618 ~ 1 Crore+"
104,Suresh Damu Bhole,JALGAON CITY,BJP,5,Graduate,"Rs 22,03,57,879 ~ 22 Crore+","Rs 3,08,80,376 ~ 3 Crore+"
105,Gulabrao Raghunath Patil,JALGAON RURAL,SHS,1,12th Pass,"Rs 5,39,35,752 ~ 5 Crore+","Rs 66,95,291 ~ 66 Lacs+"
106,Kailas Kisanrao Gorantyal,JALNA,INC,4,10th Pass,"Rs 8,80,19,008 ~ 8 Crore+","Rs 64,32,670 ~ 64 Lacs+"
107,Girish Dattatraya Mahajan,JAMNER,BJP,0,12th Pass,"Rs 25,43,34,079 ~ 25 Crore+","Rs 44,42,070 ~ 44 Lacs+"
108,Vikramsinh Balasaheb Sawant,JAT,INC,2,Graduate,"Rs 4,94,69,485 ~ 4 Crore+","Rs 35,88,785 ~ 35 Lacs+"
109,Meghana Deepak Sakore Bordikar,JINTUR,BJP,2,Graduate,"Rs 19,43,93,825 ~ 19 Crore+","Rs 4,35,00,009 ~ 4 Crore+"
110,Ravindra Dattaram Waikar,JOGESHWARI EAST,SHS,4,Graduate,,"Rs 3,88,47,316 ~ 3 Crore+"
111,Atul Vallabh Benke,JUNNAR,NCP,1,Graduate Professional,"Rs 16,12,45,520 ~ 16 Crore+","Rs 4,16,77,430 ~ 4 Crore+"
112,Mushrif Hasan Miyalal,KAGAL,NCP,3,Graduate,"Rs 10,62,46,539 ~ 10 Crore+","Rs 96,39,928 ~ 96 Lacs+"
113,Namita Akshay Mundada,KAIJ (SC),BJP,0,Graduate Professional,"Rs 29,88,99,095 ~ 29 Crore+","Rs 5,19,48,756 ~ 5 Crore+"
114,Bangar Santosh Laxmanrao,KALAMNURI,SHS,6,5th Pass,"Rs 92,83,596 ~ 92 Lacs+","Rs 15,64,443 ~ 15 Lacs+"
115,Nitin Arjun Pawar,KALWAN (ST),NCP,0,Graduate,"Rs 5,77,37,210 ~ 5 Crore+",Rs 0 ~
116,Vishwanath Atmaram Bhoir,KALYAN  WEST,SHS,2,Graduate,"Rs 1,22,25,428 ~ 1 Crore+","Rs 20,34,431 ~ 20 Lacs+"
117,Ganpat Kalu Gaikwad,KALYAN EAST,BJP,18,5th Pass,"Rs 63,65,91,819 ~ 63 Crore+","Rs 3,63,64,348 ~ 3 Crore+"
118,Pramod Ratan Patil,KALYAN RURAL,MNS,1,10th Pass,"Rs 23,86,28,592 ~ 23 Crore+","Rs 4,03,61,298 ~ 4 Crore+"
119,Sawarkar Tekchand Shrawan,KAMTHI,BJP,0,10th Pass,"Rs 2,44,85,588 ~ 2 Crore+","Rs 9,17,000 ~ 9 Lacs+"
120,Atul Bhatkhalkar,KANDIVALI EAST,BJP,0,Graduate,,"Rs 37,73,908 ~ 37 Lacs+"
121,Nitesh Narayan Rane,KANKAVLI,BJP,8,Post Graduate,"Rs 14,04,26,630 ~ 14 Crore+","Rs 6,04,34,114 ~ 6 Crore+"
122,Udaysing Sardarsing Rajput,KANNAD,SHS,0,Graduate,"Rs 4,11,04,500 ~ 4 Crore+","Rs 47,05,380 ~ 47 Lacs+"
123,Balasaheb Alias Shamrao Pandurang Patil,KARAD NORTH,NCP,0,12th Pass,"Rs 18,47,83,842 ~ 18 Crore+","Rs 52,67,401 ~ 52 Lacs+"
124,Prithviraj Chavan,KARAD SOUTH,INC,0,Post Graduate,"Rs 16,65,67,339 ~ 16 Crore+","Rs 5,67,650 ~ 5 Lacs+"
125,Patni Rajendra Sukhanand,KARANJA,BJP,2,Graduate,"Rs 10,20,57,286 ~ 10 Crore+","Rs 4,52,46,674 ~ 4 Crore+"
126,Mahendra Sadashiv Thorve,KARJAT,SHS,3,10th Pass,"Rs 19,90,72,607 ~ 19 Crore+","Rs 2,74,28,600 ~ 2 Crore+"
127,Rohit Pawar,KARJAT JAMKHED,NCP,0,Graduate Professional,"Rs 59,45,75,227 ~ 59 Crore+","Rs 3,74,00,682 ~ 3 Crore+"
128,Sanjaymama Vitthalrao Shinde,KARMALA,IND,1,Graduate,"Rs 52,00,98,724 ~ 52 Crore+","Rs 13,91,25,248 ~ 13 Crore+"
129,Pandurang Nivrutti Patil,KARVIR,INC,2,8th Pass,"Rs 5,33,18,558 ~ 5 Crore+","Rs 1,38,832 ~ 1 Lacs+"
130,Mukta Shailesh Tilak,KASBA PETH,BJP,2,Graduate,,"Rs 21,04,05,000 ~ 21 Crore+"
131,Anil Deshmukh,KATOL,NCP,8,Post Graduate,"Rs 14,57,56,429 ~ 14 Crore+","Rs 4,60,06,101 ~ 4 Crore+"
132,Bhimrao Dhondiba Tapkir,KHADAKWASALA,BJP,1,12th Pass,"Rs 14,67,21,547 ~ 14 Crore+","Rs 9,16,524 ~ 9 Lacs+"
133,Akash Pandurang Fundkar,KHAMGAON,BJP,1,Graduate Professional,"Rs 7,80,71,684 ~ 7 Crore+","Rs 70,96,000 ~ 70 Lacs+"
134,Anilrao Kaljerao Babar,KHANPUR,SHS,0,Graduate,"Rs 6,00,07,375 ~ 6 Crore+","Rs 2,07,75,473 ~ 2 Crore+"
135,Dilip Dattatray Mohite,KHED ALANDI,NCP,7,10th Pass,"Rs 12,44,62,716 ~ 12 Crore+","Rs 31,23,368 ~ 31 Lacs+"
136,Bhimrao Ramjee Keram,KINWAT,BJP,1,10th Pass,"Rs 1,24,45,900 ~ 1 Crore+","Rs 22,40,000 ~ 22 Lacs+"
137,Chandrakant Pandit Jadhav,KOLHAPUR NORTH,INC,1,10th Pass,"Rs 79,62,11,297 ~ 79 Crore+","Rs 18,92,92,063 ~ 18 Crore+"
138,Ruturaj Sanjay Patil,KOLHAPUR SOUTH,INC,0,12th Pass,"Rs 34,39,05,973 ~ 34 Crore+","Rs 17,66,20,548 ~ 17 Crore+"
139,Ashutosh Ashokrao Kale,KOPARGAON,NCP,2,Post Graduate,"Rs 18,25,59,681 ~ 18 Crore+","Rs 88,88,950 ~ 88 Lacs+"
140,Eknath Sambhaji Shinde,KOPRI-PACHPAKHADI,SHS,18,10th Pass,,"Rs 3,74,60,261 ~ 3 Crore+"
141,Mahesh Sambhajiraje Shinde,KOREGAON,SHS,1,Graduate Professional,"Rs 22,04,17,625 ~ 22 Crore+","Rs 1,62,52,295 ~ 1 Crore+"
142,Chandrakant Bachhu Patil,KOTHRUD,BJP,2,Graduate,"Rs 5,99,73,848 ~ 5 Crore+","Rs 42,51,821 ~ 42 Lacs+"
143,Vaibhav Vijay Naik,KUDAL,SHS,1,Graduate,"Rs 20,79,21,460 ~ 20 Crore+","Rs 89,57,521 ~ 89 Lacs+"
144,Mangesh Anant Kudalkar,KURLA (SC),SHS,0,12th Pass,"Rs 4,44,70,299 ~ 4 Crore+","Rs 87,30,081 ~ 87 Lacs+"
145,Amit Vilasrao Deshmukh,LATUR CITY,INC,0,Graduate Professional,"Rs 22,08,97,768 ~ 22 Crore+","Rs 1,61,60,136 ~ 1 Crore+"
146,Dhiraj Vilasrao Deshmukh,LATUR RURAL,INC,0,Post Graduate,"Rs 35,79,06,963 ~ 35 Crore+","Rs 1,69,64,868 ~ 1 Crore+"
147,Shyamsundar Dagdoji Shinde,LOHA,Peasants And Workers Party of India,0,Post Graduate,"Rs 43,62,44,267 ~ 43 Crore+","Rs 1,42,79,020 ~ 1 Crore+"
148,Shinde Babanrao Vitthalrao,MADHA,NCP,1,10th Pass,"Rs 14,10,13,558 ~ 14 Crore+","Rs 53,93,607 ~ 53 Lacs+"
149,Prakash Rajaram Surve,MAGATHANE,SHS,1,Graduate,"Rs 33,11,65,935 ~ 33 Crore+",Rs 0 ~
150,Gogawale Bharat Maruti,MAHAD,SHS,1,8th Pass,,"Rs 21,97,910 ~ 21 Lacs+"
151,Sada Sarvankar,MAHIM,SHS,4,10th Pass,"Rs 25,71,71,841 ~ 25 Crore+","Rs 2,49,19,014 ~ 2 Crore+"
152,Prakash Sundarrao Solanke,MAJALGAON,NCP,0,Graduate,"Rs 11,59,32,960 ~ 11 Crore+","Rs 15,60,000 ~ 15 Lacs+"
153,Mangalprabhat Lodha,MALABAR HILL,BJP,5,Graduate Professional,"Rs 4,41,65,70,742 ~ 441 Crore+","Rs 2,83,36,98,199 ~ 283 Crore+"
154,Aslam Ramzanali Shaikh,MALAD  WEST,INC,7,8th Pass,"Rs 11,36,18,422 ~ 11 Crore+","Rs 41,21,783 ~ 41 Lacs+"
155,Mohammed Ismail Abdul Khalique,MALEGAON (CENTRAL),All India Majlis-E-Ittehadul Muslimeen,8,Others,"Rs 56,57,646 ~ 56 Lacs+",Rs 0 ~
156,Bhuse Dadaji Dagdu,MALEGAON (OUTER),SHS,1,Others,"Rs 10,97,87,139 ~ 10 Crore+","Rs 72,37,614 ~ 72 Lacs+"
157,Ekade Rajesh Panditrao,MALKAPUR,INC,2,12th Pass,"Rs 1,75,04,343 ~ 1 Crore+","Rs 32,60,725 ~ 32 Lacs+"
158,Ram Vitthal Satpute,MALSHIRAS (SC),BJP,3,Graduate Professional,"Rs 10,34,869 ~ 10 Lacs+","Rs 75,000 ~ 75 Thou+"
159,Jaykumar Bhagwanrao Gore,MAN,BJP,5,12th Pass,"Rs 5,78,95,086 ~ 5 Crore+","Rs 61,22,285 ~ 61 Lacs+"
160,Abu Asim Azmi,MANKHURD SHIVAJINAGAR,SP,12,Graduate,,"Rs 9,09,03,811 ~ 9 Crore+"
161,Sunil Shankarrao Shelke,MAVAL,NCP,0,8th Pass,"Rs 54,51,61,063 ~ 54 Crore+","Rs 5,13,09,059 ~ 5 Crore+"
162,Geeta Bharat Jain,MEERA BHAYANDAR,IND,2,12th Pass,"Rs 70,44,11,192 ~ 70 Crore+","Rs 11,30,76,721 ~ 11 Crore+"
163,Sanjay Bhaskar Raymulkar,MEHKAR (SC),SHS,0,10th Pass,"Rs 1,31,41,503 ~ 1 Crore+","Rs 44,90,076 ~ 44 Lacs+"
164,Rajkumar Dayaram Patel,MELGHAT (ST),Prahar Janshakti Party,12,Post Graduate,"Rs 2,02,45,700 ~ 2 Crore+",Rs 0 ~
165,Dr. Suresh (Bhau) Dagadu Khade,MIRAJ (SC),BJP,3,Doctorate,"Rs 4,96,38,755 ~ 4 Crore+",Rs 0 ~
166,Mane Yashwant Vitthal,MOHOL (SC),NCP,0,Graduate,"Rs 12,74,18,742 ~ 12 Crore+","Rs 10,16,94,667 ~ 10 Crore+"
167,Devendra Mahadevrao Bhuyar,MORSHI,Swabhimani Paksha,11,12th Pass,"Rs 29,29,000 ~ 29 Lacs+","Rs 6,00,000 ~ 6 Lacs+"
168,Tushar Govindrao Rathod,MUKHED,BJP,0,Graduate Professional,"Rs 4,05,19,706 ~ 4 Crore+","Rs 49,09,534 ~ 49 Lacs+"
169,Chandrakant Nimba Patil,MUKTAINAGAR,IND,0,12th Pass,"Rs 2,34,33,778 ~ 2 Crore+","Rs 45,18,000 ~ 45 Lacs+"
170,Kotecha Mihir Chandrakant,MULUND,BJP,0,10th Pass,,"Rs 15,62,63,545 ~ 15 Crore+"
171,Amin Patel,MUMBADEVI,INC,2,10th Pass,"Rs 44,70,40,953 ~ 44 Crore+","Rs 8,33,53,258 ~ 8 Crore+"
172,Awhad Jitendra Satish,MUMBRA-KALWA,NCP,25,Doctorate,"Rs 47,89,36,553 ~ 47 Crore+","Rs 37,58,81,299 ~ 37 Crore+"
173,Kisan Shankar Kathore,MURBAD,BJP,1,10th Pass,"Rs 10,60,48,531 ~ 10 Crore+","Rs 13,29,363 ~ 13 Lacs+"
174,Harish Marotiappa Pimpale,MURTIZAPUR (SC),BJP,0,12th Pass,"Rs 1,99,35,370 ~ 1 Crore+","Rs 28,06,668 ~ 28 Lacs+"
175,Vikas Shankarrao Kumbhare,NAGPUR CENTRAL,BJP,9,12th Pass,"Rs 1,96,67,295 ~ 1 Crore+","Rs 9,29,164 ~ 9 Lacs+"
176,Krushna Pancham Khopde,NAGPUR EAST,BJP,2,5th Pass,"Rs 10,15,61,637 ~ 10 Crore+","Rs 4,05,08,726 ~ 4 Crore+"
177,Dr. Nitin Raut,NAGPUR NORTH (SC),INC,4,Doctorate,"Rs 21,57,51,328 ~ 21 Crore+","Rs 4,07,95,859 ~ 4 Crore+"
178,Mohan Gopalrao Mate,NAGPUR SOUTH,BJP,5,10th Pass,"Rs 2,44,94,826 ~ 2 Crore+","Rs 8,35,000 ~ 8 Lacs+"
179,Devendra Gangadharrao Fadnavis,NAGPUR SOUTH WEST,BJP,4,Graduate Professional,"Rs 8,71,21,376 ~ 8 Crore+","Rs 62,00,000 ~ 62 Lacs+"
180,Vikas Pandurang Thakre,NAGPUR WEST,INC,25,Graduate,,"Rs 1,15,69,178 ~ 1 Crore+"
181,Rajesh Sambhajirao Pawar,NAIGAON,BJP,2,Graduate Professional,"Rs 1,91,06,06,090 ~ 191 Crore+","Rs 32,67,22,427 ~ 32 Crore+"
182,Kshitij Hitendra Thakur,NALASOPARA,Bahujan Vikas Aaghadi,0,Post Graduate,"Rs 63,67,62,217 ~ 63 Crore+","Rs 13,82,25,738 ~ 13 Crore+"
183,Balaji Devidasrao Kalyankar,NANDED NORTH,SHS,2,12th Pass,"Rs 1,88,57,402 ~ 1 Crore+","Rs 50,60,767 ~ 50 Lacs+"
184,Mohanrao Marotrao Hambarde,NANDED SOUTH,INC,0,10th Pass,"Rs 2,48,05,632 ~ 2 Crore+","Rs 13,88,886 ~ 13 Lacs+"
185,Suhas Dwarkanath Kande,NANDGAON,SHS,7,Graduate,"Rs 11,14,38,150 ~ 11 Crore+","Rs 1,02,52,252 ~ 1 Crore+"
186,Vijaykumar Krushnarao Gavit,NANDURBAR (ST),BJP,9,Post Graduate,"Rs 27,15,28,348 ~ 27 Crore+","Rs 1,59,63,197 ~ 1 Crore+"
187,Seema Mahesh Hiray (Seematai),NASHIK  WEST,BJP,1,Graduate,"Rs 20,72,26,437 ~ 20 Crore+","Rs 84,00,000 ~ 84 Lacs+"
188,Devyani Suhas Pharande,NASHIK (CENTRAL),BJP,0,Post Graduate,"Rs 7,70,14,204 ~ 7 Crore+","Rs 9,15,966 ~ 9 Lacs+"
189,Rahul Uattamrao Dhikle,NASHIK EAST,BJP,1,Graduate Professional,"Rs 7,29,38,388 ~ 7 Crore+","Rs 58,22,783 ~ 58 Lacs+"
190,Naik Shirishkumar Surupsing,NAWAPUR (ST),INC,0,Graduate,,"Rs 30,42,512 ~ 30 Lacs+"
191,Shankarrao Yashwantrao Gadakh,NEVASA,Krantikari Shetkari Party,4,Graduate,"Rs 4,40,52,580 ~ 4 Crore+","Rs 5,71,055 ~ 5 Lacs+"
192,Nilangekar Sambhaji Diliprao Patil,NILANGA,BJP,2,Others,"Rs 6,17,34,410 ~ 6 Crore+","Rs 9,64,525 ~ 9 Lacs+"
193,Bankar Diliprao Shankarrao,NIPHAD,NCP,4,Graduate,"Rs 68,49,71,965 ~ 68 Crore+","Rs 4,27,10,365 ~ 4 Crore+"
194,Chougule Dnyanraj Dhondiram,OMERGA (SC),SHS,0,Post Graduate,"Rs 1,81,95,559 ~ 1 Crore+","Rs 87,80,000 ~ 87 Lacs+"
195,Kailas Balasaheb Ghadge Patil,OSMANABAD,SHS,0,12th Pass,"Rs 79,82,549 ~ 79 Lacs+","Rs 21,59,488 ~ 21 Lacs+"
196,Pratap Baburao Sarnaik,OVALA MAJIWADA,SHS,5,10th Pass,"Rs 1,43,97,18,745 ~ 143 Crore+","Rs 1,17,08,75,806 ~ 117 Crore+"
197,Kishor Dhansing Patil,PACHORA,SHS,3,12th Pass,"Rs 12,80,65,658 ~ 12 Crore+","Rs 10,43,78,604 ~ 10 Crore+"
198,Bhumare Sandipanrao Asaram,PAITHAN,SHS,9,10th Pass,"Rs 2,92,04,023 ~ 2 Crore+","Rs 22,00,000 ~ 22 Lacs+"
199,Shrinivas Chintaman Vanga,PALGHAR (ST),SHS,0,Graduate,"Rs 72,85,686 ~ 72 Lacs+","Rs 22,78,699 ~ 22 Lacs+"
200,Kadam Vishwajeet Patangrao,PALUS-KADEGAON,INC,0,Doctorate,,"Rs 1,21,03,53,962 ~ 121 Crore+"
201,Bhalake Bharat Tukaram,PANDHARPUR,NCP,1,8th Pass,"Rs 1,62,35,077 ~ 1 Crore+",Rs 0 ~
202,Prashant Ramsheth Thakur,PANVEL,BJP,2,12th Pass,"Rs 1,83,27,22,562 ~ 183 Crore+","Rs 3,89,48,286 ~ 3 Crore+"
203,Tanaji Jaywant Sawant,PARANDA,SHS,11,Doctorate,"Rs 2,06,17,54,006 ~ 206 Crore+","Rs 11,66,45,693 ~ 11 Crore+"
204,Dr. Rahul Vedprakash Patil,PARBHANI,SHS,2,Graduate Professional,"Rs 2,92,92,039 ~ 2 Crore+","Rs 55,66,955 ~ 55 Lacs+"
205,Dhananjay Panditrao Munde,PARLI,NCP,9,Graduate Professional,"Rs 23,05,09,940 ~ 23 Crore+","Rs 1,89,28,480 ~ 1 Crore+"
206,Nilesh Dnyandev Lanke,PARNER,NCP,4,Graduate,"Rs 75,50,409 ~ 75 Lacs+","Rs 32,28,989 ~ 32 Lacs+"
207,Babanrao Dattatrya Yadav(Lonikar),PARTUR,BJP,1,5th Pass,"Rs 4,30,68,547 ~ 4 Crore+",Rs 0 ~
208,Madhuri Satish Misal,PARVATI,BJP,1,Graduate,"Rs 88,84,86,615 ~ 88 Crore+","Rs 6,45,00,000 ~ 6 Crore+"
209,Desai Shambhuraj Shivajirao,PATAN,SHS,0,12th Pass,"Rs 14,40,29,304 ~ 14 Crore+","Rs 1,13,97,745 ~ 1 Crore+"
210,Warpudkar Suresh Ambadasrao,PATHRI,INC,1,Graduate,,"Rs 57,10,000 ~ 57 Lacs+"
211,Ravisheth Patil,PEN,BJP,0,12th Pass,"Rs 10,66,97,573 ~ 10 Crore+","Rs 19,61,261 ~ 19 Lacs+"
212,Dipak Pralhad Chavan,PHALTAN (SC),NCP,1,Post Graduate,"Rs 83,45,034 ~ 83 Lacs+","Rs 69,21,631 ~ 69 Lacs+"
213,Bagde Haribhau Kisanrao,PHOLAMBARI,BJP,3,10th Pass,"Rs 25,38,96,461 ~ 25 Crore+","Rs 1,28,69,162 ~ 1 Crore+"
214,Anna Dadu Bansode,PIMPRI (SC),NCP,0,10th Pass,"Rs 2,67,56,183 ~ 2 Crore+",Rs 0 ~
215,Kamble Sunil Dnyandev,PUNE CANTONMENT (SC),BJP,1,8th Pass,"Rs 3,64,52,975 ~ 3 Crore+","Rs 1,18,72,409 ~ 1 Crore+"
216,Sanjay Chandrakant Jagtap,PURANDAR,INC,7,Post Graduate,"Rs 2,45,67,82,836 ~ 245 Crore+","Rs 13,44,450 ~ 13 Lacs+"
217,Naik Indranil Manohar,PUSAD,NCP,1,Graduate Professional,"Rs 4,45,85,455 ~ 4 Crore+","Rs 72,54,773 ~ 72 Lacs+"
218,Abitkar Prakash Anandrao,RADHANAGARI,SHS,1,Graduate,"Rs 1,47,00,791 ~ 1 Crore+","Rs 40,61,908 ~ 40 Lacs+"
219,Prajakt Prasadrao Tanpure,RAHURI,NCP,2,Post Graduate,"Rs 6,91,52,712 ~ 6 Crore+","Rs 3,04,52,611 ~ 3 Crore+"
220,Rajan Prabhakar Salvi,RAJAPUR,SHS,1,Graduate,,"Rs 73,75,814 ~ 73 Lacs+"
221,Subhash Ramchandrarao Dhote,RAJURA,INC,3,Graduate,"Rs 3,24,79,265 ~ 3 Crore+","Rs 1,48,750 ~ 1 Lacs+"
222,Ashok Ramaji Wooike (Uike),RALEGAON (ST),BJP,1,Post Graduate,"Rs 1,51,78,073 ~ 1 Crore+",Rs 0 ~
223,Ashish Nandkishor Jaiswal,RAMTEK,IND,1,Graduate Professional,"Rs 5,64,54,480 ~ 5 Crore+","Rs 85,39,085 ~ 85 Lacs+"
224,Uday Ravindra Samant,RATNAGIRI,SHS,0,12th Pass,"Rs 4,33,39,782 ~ 4 Crore+","Rs 1,26,70,348 ~ 1 Crore+"
225,Chaudhari Shirish Madhukarrao,RAVER,INC,2,Post Graduate,"Rs 7,81,15,233 ~ 7 Crore+","Rs 27,01,274 ~ 27 Lacs+"
226,Amit Subhashrao Zanak,RISOD,INC,0,Graduate Professional,"Rs 4,64,49,663 ~ 4 Crore+","Rs 11,40,500 ~ 11 Lacs+"
227,Nanabhau Falgunrao Patole,SAKOLI,INC,7,12th Pass,"Rs 2,52,67,175 ~ 2 Crore+","Rs 11,55,060 ~ 11 Lacs+"
228,Manjula Tulshiram Gavit,SAKRI (ST),IND,0,Graduate,"Rs 4,30,82,566 ~ 4 Crore+","Rs 40,24,551 ~ 40 Lacs+"
229,Dhananjay Alias Sudhir Hari Gadgil,SANGLI,BJP,0,Graduate,"Rs 52,02,18,495 ~ 52 Crore+","Rs 94,22,934 ~ 94 Lacs+"
230,Vijay Alias Balasaheb Bhausaheb Thorat,SANGMNER,INC,0,Graduate Professional,,"Rs 17,01,263 ~ 17 Lacs+"
231,Shahaji Patil,SANGOLA,SHS,0,Graduate Professional,"Rs 1,37,77,368 ~ 1 Crore+","Rs 46,21,181 ~ 46 Lacs+"
232,Bhonsle Shivendrasinh Abhaysinhraje,SATARA,BJP,5,12th Pass,"Rs 62,02,44,622 ~ 62 Crore+","Rs 10,02,51,653 ~ 10 Crore+"
233,Sunil Chhatrapal Kedar,SAVNER,INC,4,Post Graduate,"Rs 4,01,81,723 ~ 4 Crore+",Rs 0 ~
234,Deepak Vasantrao Kesarkar,SAWANTWADI,SHS,0,Graduate,"Rs 82,59,98,446 ~ 82 Crore+","Rs 22,89,56,511 ~ 22 Crore+"
235,Rajesh Udesing Padavi,SHAHADA (ST),BJP,1,Graduate,"Rs 3,33,03,664 ~ 3 Crore+","Rs 11,35,835 ~ 11 Lacs+"
236,Daulat Bhika Daroda,SHAHAPUR (ST),NCP,1,Graduate,"Rs 3,26,33,283 ~ 3 Crore+","Rs 10,45,104 ~ 10 Lacs+"
237,Dr. Vinay Vilasrao Kore,SHAHUWADI,Jan Surajya Shakti,0,12th Pass,"Rs 2,65,83,541 ~ 2 Crore+",Rs 0 ~
238,Monica Rajeev Rajale,SHEVGAON,BJP,0,Graduate,"Rs 9,49,46,745 ~ 9 Crore+","Rs 1,81,29,044 ~ 1 Crore+"
239,Mansing Fattesingrao Naik,SHIRALA,NCP,1,12th Pass,"Rs 25,66,78,693 ~ 25 Crore+","Rs 94,90,600 ~ 94 Lacs+"
240,Vikhe Patil Radhakrishna Eknathrao,SHIRDI,BJP,0,Graduate,,Rs 0 ~
241,Rajendra Shamgonda Patil,SHIROL,IND,0,Others,"Rs 11,50,09,400 ~ 11 Crore+","Rs 1,01,62,931 ~ 1 Crore+"
242,Kashiram Vechan Pawara,SHIRPUR (ST),BJP,2,Literate,"Rs 94,44,754 ~ 94 Lacs+","Rs 13,57,733 ~ 13 Lacs+"
243,Ashok Raosaheb Pawar,SHIRUR,NCP,2,Graduate Professional,"Rs 13,20,20,608 ~ 13 Crore+","Rs 2,05,80,451 ~ 2 Crore+"
244,Ajay Vinayak Choudhari,SHIVADI,SHS,1,10th Pass,"Rs 4,99,13,699 ~ 4 Crore+","Rs 39,75,000 ~ 39 Lacs+"
245,Siddharth Anil Shirole,SHIVAJINAGAR,BJP,1,Graduate Professional,"Rs 8,82,34,875 ~ 8 Crore+","Rs 1,15,97,521 ~ 1 Crore+"
246,Pachpute Babanrao Bhikaji,SHRIGONDA,BJP,27,Graduate,"Rs 8,68,69,974 ~ 8 Crore+","Rs 1,95,89,050 ~ 1 Crore+"
247,Kanade Lahu Natha,SHRIRAMPUR (SC),INC,1,Post Graduate,"Rs 9,20,01,564 ~ 9 Crore+","Rs 1,85,00,000 ~ 1 Crore+"
248,Aditi Sunil Tatkare,SHRIVARDHAN,NCP,1,Post Graduate,"Rs 39,14,884 ~ 39 Lacs+","Rs 15,09,575 ~ 15 Lacs+"
249,Abdul Sattar Abdul Nabi,SILLOD,SHS,8,12th Pass,"Rs 20,85,28,898 ~ 20 Crore+","Rs 1,75,24,409 ~ 1 Crore+"
250,Dr. Rajendra Bhaskarrao Shingane,SINDHKHED RAJA,NCP,2,Graduate Professional,,"Rs 2,36,10,805 ~ 2 Crore+"
251,Jaykumar Jitendrasinh Rawal,SINDHKHEDA,BJP,2,Graduate,"Rs 16,49,40,521 ~ 16 Crore+","Rs 56,41,678 ~ 56 Lacs+"
252,Adv. Kokate Manikrao Shivajirao,SINNAR,NCP,2,Graduate Professional,"Rs 20,99,14,506 ~ 20 Crore+","Rs 4,67,37,153 ~ 4 Crore+"
253,Captain R Tamil Selvan,SION KOLIWADA,BJP,3,10th Pass,"Rs 3,50,44,837 ~ 3 Crore+","Rs 2,07,65,000 ~ 2 Crore+"
254,Praniti Shushilkumar Shinde,SOLAPUR CITY CENTRAL,INC,5,Graduate Professional,"Rs 4,79,27,210 ~ 4 Crore+",Rs 0 ~
255,Deshmukh Vijaykumar Sidramappa,SOLAPUR CITY NORTH,BJP,0,Graduate,"Rs 13,41,30,461 ~ 13 Crore+",Rs 0 ~
256,Deshmukh Subhash Sureshchandra,SOLAPUR SOUTH,BJP,4,10th Pass,"Rs 48,46,67,127 ~ 48 Crore+","Rs 17,52,55,622 ~ 17 Crore+"
257,Sumanvahini R.R. (Aba) Patil,TASGAON-KAVATHE MAHANKAL,NCP,0,5th Pass,"Rs 3,78,97,250 ~ 3 Crore+","Rs 3,03,508 ~ 3 Lacs+"
258,Adv. Yashomati Chandrakant Thakur,TEOSA,INC,10,Graduate Professional,"Rs 9,08,84,935 ~ 9 Crore+","Rs 8,50,560 ~ 8 Lacs+"
259,Kelkar Sanjay Mukund,THANE,BJP,0,Graduate,"Rs 4,55,88,768 ~ 4 Crore+","Rs 1,12,44,965 ~ 1 Crore+"
260,Vijay Rahangdale,TIRORA,BJP,3,Graduate,,"Rs 9,59,815 ~ 9 Lacs+"
261,Ranajagjitsinha Padmasinha Patil,TULJAPUR,BJP,4,Graduate Professional,"Rs 41,06,64,656 ~ 41 Crore+","Rs 10,14,33,312 ~ 10 Crore+"
262,Karemore Raju Manikrao,TUMSAR,NCP,3,12th Pass,"Rs 11,31,34,370 ~ 11 Crore+","Rs 5,95,24,726 ~ 5 Crore+"
263,Bansode Sanjay Baburao,UDGIR (SC),NCP,0,12th Pass,"Rs 2,17,50,128 ~ 2 Crore+",Rs 0 ~
264,Kumar Uttamchand Ailani,ULHASNAGAR,BJP,2,10th Pass,"Rs 27,91,42,572 ~ 27 Crore+","Rs 10,65,66,261 ~ 10 Crore+"
265,Namdev Jayram Sasane,UMARKHED (SC),BJP,0,Post Graduate,"Rs 83,58,160 ~ 83 Lacs+",Rs 0 ~
266,Raju Devnath Parwe,UMRED (SC),INC,2,12th Pass,"Rs 4,42,60,494 ~ 4 Crore+","Rs 1,04,99,372 ~ 1 Crore+"
267,Mahesh Baldi,URAN,IND,2,12th Pass,"Rs 33,73,81,000 ~ 33 Crore+","Rs 10,95,00,000 ~ 10 Crore+"
268,Sunil Vijay Tingre,VADGAON SHERI,NCP,3,10th Pass,"Rs 49,71,04,996 ~ 49 Crore+","Rs 1,71,54,332 ~ 1 Crore+"
269,Bornare Ramesh Nanasaheb,VAIJAPUR,SHS,0,Post Graduate,"Rs 7,61,14,452 ~ 7 Crore+","Rs 1,33,27,276 ~ 1 Crore+"
270,Ashish Babaji Shelar,VANDRE  WEST,BJP,3,Graduate Professional,,"Rs 1,65,27,297 ~ 1 Crore+"
271,Zeeshan Baba Siddique,VANDRE EAST,INC,0,Graduate,"Rs 8,98,56,975 ~ 8 Crore+","Rs 76,06,391 ~ 76 Lacs+"
272,Dr. Bharati Lavekar,VARSOVA,BJP,0,Doctorate,"Rs 4,56,37,811 ~ 4 Crore+",Rs 0 ~
273,Hitendra Vishnu Thakur,VASAI,Bahujan Vikas Aaghadi,5,Graduate,"Rs 1,14,21,35,258 ~ 114 Crore+","Rs 24,36,89,342 ~ 24 Crore+"
274,Sunil Chandrakant Bhuasara,VEKRAMGRTH (ST),NCP,2,12th Pass,"Rs 82,18,721 ~ 82 Lacs+","Rs 55,33,558 ~ 55 Lacs+"
275,Raut Sunil Rajaram,VIKHROLI,SHS,3,12th Pass,"Rs 5,72,71,268 ~ 5 Crore+","Rs 1,73,66,888 ~ 1 Crore+"
276,Alavani Parag,VILE PARLE,BJP,0,Graduate Professional,"Rs 25,47,53,378 ~ 25 Crore+","Rs 2,58,45,478 ~ 2 Crore+"
277,Kalidas Nilkanth Kolambkar,WADALA,BJP,0,10th Pass,"Rs 5,47,89,929 ~ 5 Crore+","Rs 40,31,845 ~ 40 Lacs+"
278,Makrand Laxmanrao Jadhav (Patil),WAI,NCP,1,Others,"Rs 2,08,59,050 ~ 2 Crore+","Rs 53,40,257 ~ 53 Lacs+"
279,Sanjivreddy Bapurao Bodkurwar,WANI,BJP,0,Graduate,"Rs 6,83,59,021 ~ 6 Crore+","Rs 16,00,000 ~ 16 Lacs+"
280,Dr. Pankaj Rajesh Bhoyar,WARDHA,BJP,0,Doctorate,,"Rs 2,37,04,469 ~ 2 Crore+"
281,Dhanorkar Pratibha Suresh,WARORA,INC,0,12th Pass,"Rs 13,08,02,042 ~ 13 Crore+","Rs 2,25,90,809 ~ 2 Crore+"
282,Lakhan Sahadeo Malik,WASHIM (SC),BJP,0,Literate,"Rs 80,15,288 ~ 80 Lacs+","Rs 2,00,000 ~ 2 Lacs+"
283,Aditya Thackeray,WORLI,SHS,0,Graduate Professional,"Rs 17,69,28,474 ~ 17 Crore+",Rs 0 ~
284,Madan Madhukar Yerawar,YAVATMAL,BJP,1,Others,"Rs 9,69,22,734 ~ 9 Crore+","Rs 1,88,46,318 ~ 1 Crore+"
285,Chhagan Chandrakant Bhujbal,YEVLA,NCP,7,10th Pass,"Rs 26,94,39,298 ~ 26 Crore+","Rs 91,14,295 ~ 91 Lacs+"
